use projdb;

############
# ENTITIES #
############
insert into contestant(walletAddress, rewardBalance)
	values ('0x000000000000000000000000000000000000001A',0),
			('0x000000000000000000000000000000000000002A',0),
            ('0x000000000000000000000000000000000000003A',0),
            ('0x000000000000000000000000000000000000004A',0),
            ('0x000000000000000000000000000000000000005A',0),
            ('0x000000000000000000000000000000000000006A',0),
            ('0x000000000000000000000000000000000000007A',0),
            ('0x000000000000000000000000000000000000008A',0),
            ('0x000000000000000000000000000000000000009A',0),
            ('0x00000000000000000000000000000000000000AA',0);
    
insert into contest(walletAddress, title, startDate, endDate, contestStatus, sponsorFee, requirements)
	values ('0x000000000000000000000000000000000000001B', 'Contest1', '2023-03-19', '2023-04-28', 'created', 10000, 'Req1'),
			('0x000000000000000000000000000000000000002B', 'Contest2', '2023-02-19', '2023-03-28', 'opened', 10000, 'Req2'),
            ('0x000000000000000000000000000000000000003B', 'Contest3', '2023-02-19', '2023-03-28', 'opened', 10000, 'Req3'),
            ('0x000000000000000000000000000000000000004B', 'Contest4', '2023-01-19', '2023-02-19', 'closed', 10000, 'Req4'),
            ('0x000000000000000000000000000000000000005B', 'Contest5', '2023-01-19', '2023-02-19', 'closed', 10000, 'Req5'),
            ('0x000000000000000000000000000000000000006B', 'Contest6', '2023-01-19', '2023-02-19', 'closed', 10000, 'Req6'),
            ('0x000000000000000000000000000000000000007B', 'Contest7', '2023-01-19', '2023-02-19', 'closed', 10000, 'Req7'),
            ('0x000000000000000000000000000000000000008B', 'Contest8', '2022-02-19', '2022-03-28', 'past', 10000, 'Req8'),
            ('0x000000000000000000000000000000000000009B', 'Contest9', '2022-02-19', '2022-03-28', 'past', 10000, 'Req9'),
            ('0x00000000000000000000000000000000000000AB', 'Contest10', '2022-02-19', '2022-03-28', 'past', 10000, 'Req10');
    
insert into sponsor(walletAddress, address, companyName, email)
	values ('0x000000000000000000000000000000000000001C', '1 Main St.', 'Main St. Co.', 'mainco@mainco.com'),
			('0x000000000000000000000000000000000000002C', '1 Dog St.', 'Dog St. Co.', 'dogco@dogco.com'),
            ('0x000000000000000000000000000000000000003C', '1 Cat St.', 'Cat St. Co.', 'catco@catco.com'),
            ('0x000000000000000000000000000000000000004C', '1 Rat St.', 'Rat St. Co.', 'ratco@ratco.com'),
            ('0x000000000000000000000000000000000000005C', '1 Bird St.', 'Bird St. Co.', 'birdco@birdco.com'),
            ('0x000000000000000000000000000000000000006C', '1 Fish St.', 'Fish St. Co.', 'fishco@fishco.com'),
            ('0x000000000000000000000000000000000000007C', '1 Bug St.', 'Bug St. Co.', 'bugco@bugco.com'),
            ('0x000000000000000000000000000000000000008C', '1 Dolphin St.', 'Dolphin St. Co.', 'dolphinco@dolphinco.com'),
            ('0x000000000000000000000000000000000000009C', '1 Whale St.', 'Whale St. Co.', 'whaleco@whaleco.com'),
            ('0x00000000000000000000000000000000000000AC', '1 Gemsbok St.', 'Gemsbok St. Co.', 'gemsbokco@gemsbokco.com');
    
insert into judge(walletAddress, rewardBalance)
	values ('0x000000000000000000000000000000000000001D', 0),
			('0x000000000000000000000000000000000000002D', 0),
            ('0x000000000000000000000000000000000000003D', 0),
            ('0x000000000000000000000000000000000000004D', 0),
            ('0x000000000000000000000000000000000000005D', 0),
            ('0x000000000000000000000000000000000000006D', 0),
            ('0x000000000000000000000000000000000000007D', 0),
            ('0x000000000000000000000000000000000000008D', 0),
            ('0x000000000000000000000000000000000000009D', 0),
            ('0x00000000000000000000000000000000000000AD', 0);

insert into submission(contestantWallet, contestWallet, submissionFile)
	values ('0x000000000000000000000000000000000000001A','0x000000000000000000000000000000000000002B','tstsub.txt'),
			('0x000000000000000000000000000000000000002A','0x000000000000000000000000000000000000002B','tstsub.txt'),
            ('0x000000000000000000000000000000000000003A','0x000000000000000000000000000000000000002B','tstsub.txt'),
            ('0x000000000000000000000000000000000000004A','0x000000000000000000000000000000000000002B','tstsub.txt'),
            ('0x000000000000000000000000000000000000005A','0x000000000000000000000000000000000000002B','tstsub.txt'),
            ('0x000000000000000000000000000000000000006A','0x000000000000000000000000000000000000003B','tstsub.txt'),
            ('0x000000000000000000000000000000000000007A','0x000000000000000000000000000000000000003B','tstsub.txt'),
            ('0x000000000000000000000000000000000000008A','0x000000000000000000000000000000000000003B','tstsub.txt'),
            ('0x000000000000000000000000000000000000009A','0x000000000000000000000000000000000000003B','tstsub.txt'),
            ('0x00000000000000000000000000000000000000AA','0x000000000000000000000000000000000000003B','tstsub.txt'),
            ('0x000000000000000000000000000000000000001A','0x000000000000000000000000000000000000003B','tstsub.txt');

insert into users (walletAddress,pass,userRole)
	values ('root','pass1234','root'),
			('0x000000000000000000000000000000000000001A','password','contestant'),
			('0x000000000000000000000000000000000000002A','password','contestant'),
            ('0x000000000000000000000000000000000000003A','password','contestant'),
            ('0x000000000000000000000000000000000000004A','password','contestant'),
            ('0x000000000000000000000000000000000000005A','password','contestant'),
            ('0x000000000000000000000000000000000000006A','password','contestant'),
            ('0x000000000000000000000000000000000000007A','password','contestant'),
            ('0x000000000000000000000000000000000000008A','password','contestant'),
            ('0x000000000000000000000000000000000000009A','password','contestant'),
            ('0x00000000000000000000000000000000000000AA','password','contestant'),
            ('0x000000000000000000000000000000000000001D','password','judge'),
			('0x000000000000000000000000000000000000002D','password','judge'),
            ('0x000000000000000000000000000000000000003D','password','judge'),
            ('0x000000000000000000000000000000000000004D','password','judge'),
            ('0x000000000000000000000000000000000000005D','password','judge'),
            ('0x000000000000000000000000000000000000006D','password','judge'),
            ('0x000000000000000000000000000000000000007D','password','judge'),
            ('0x000000000000000000000000000000000000008D','password','judge'),
            ('0x000000000000000000000000000000000000009D','password','judge'),
            ('0x00000000000000000000000000000000000000AD','password','judge'),
			('0x000000000000000000000000000000000000001C','password','sponsor'),
            ('0x000000000000000000000000000000000000002C','password','sponsor');

#################
# RELATIONSHIPS #
#################
insert into review(judgeWallet, sponsorWallet, score, reviewComment)
	values ('0x000000000000000000000000000000000000001D','0x000000000000000000000000000000000000001C', 7, 'Comment1'),
			('0x000000000000000000000000000000000000001D','0x000000000000000000000000000000000000002C', 6, 'Comment2'),
            ('0x000000000000000000000000000000000000001D','0x000000000000000000000000000000000000003C', 8, 'Comment3'),
            ('0x000000000000000000000000000000000000002D','0x000000000000000000000000000000000000004C', 6, 'Comment4'),
            ('0x000000000000000000000000000000000000003D','0x000000000000000000000000000000000000005C', 6, 'Comment5'),
            ('0x000000000000000000000000000000000000004D','0x000000000000000000000000000000000000006C', 4, 'Comment6'),
            ('0x000000000000000000000000000000000000005D','0x000000000000000000000000000000000000007C', 4, 'Comment7'),
            ('0x000000000000000000000000000000000000006D','0x000000000000000000000000000000000000008C', 10, 'Comment8'),
            ('0x000000000000000000000000000000000000007D','0x000000000000000000000000000000000000009C', 9, 'Comment9'),
            ('0x000000000000000000000000000000000000008D','0x00000000000000000000000000000000000000AC', 9, 'Comment10');
    
insert into submissionGrade(contestantWallet, contestWallet, judgeWallet, grade)
	values ('0x000000000000000000000000000000000000001A','0x000000000000000000000000000000000000002B','0x000000000000000000000000000000000000001D', 100),
			('0x000000000000000000000000000000000000001A','0x000000000000000000000000000000000000003B','0x000000000000000000000000000000000000006D', 100),
            ('0x000000000000000000000000000000000000002A','0x000000000000000000000000000000000000002B','0x000000000000000000000000000000000000002D', 100),
            ('0x000000000000000000000000000000000000003A','0x000000000000000000000000000000000000002B','0x000000000000000000000000000000000000003D', 100),
            ('0x000000000000000000000000000000000000004A','0x000000000000000000000000000000000000002B','0x000000000000000000000000000000000000004D', 100),
            ('0x000000000000000000000000000000000000005A','0x000000000000000000000000000000000000002B','0x000000000000000000000000000000000000005D', 100),
            ('0x000000000000000000000000000000000000006A','0x000000000000000000000000000000000000002B','0x000000000000000000000000000000000000001D', 100),
            ('0x000000000000000000000000000000000000007A','0x000000000000000000000000000000000000003B','0x000000000000000000000000000000000000007D', 100),
            ('0x000000000000000000000000000000000000008A','0x000000000000000000000000000000000000003B','0x000000000000000000000000000000000000008D', 100),
            ('0x000000000000000000000000000000000000009A','0x000000000000000000000000000000000000003B','0x000000000000000000000000000000000000009D', 100);
    
insert into contestJudge(contestWallet, judgeWallet)
	values ('0x000000000000000000000000000000000000002B','0x000000000000000000000000000000000000001D'),
			('0x000000000000000000000000000000000000002B','0x000000000000000000000000000000000000002D'),
            ('0x000000000000000000000000000000000000002B','0x000000000000000000000000000000000000003D'),
            ('0x000000000000000000000000000000000000002B','0x000000000000000000000000000000000000004D'),
            ('0x000000000000000000000000000000000000002B','0x000000000000000000000000000000000000005D'),
            ('0x000000000000000000000000000000000000003B','0x000000000000000000000000000000000000006D'),
            ('0x000000000000000000000000000000000000003B','0x000000000000000000000000000000000000007D'),
            ('0x000000000000000000000000000000000000003B','0x000000000000000000000000000000000000008D'),
            ('0x000000000000000000000000000000000000003B','0x000000000000000000000000000000000000009D'),
            ('0x000000000000000000000000000000000000003B','0x00000000000000000000000000000000000000AD');
    
insert into contestSponsor(contestWallet, sponsorWallet)
	values ('0x000000000000000000000000000000000000002B','0x000000000000000000000000000000000000001C'),
			('0x000000000000000000000000000000000000003B','0x000000000000000000000000000000000000002C'),
            ('0x000000000000000000000000000000000000001B','0x000000000000000000000000000000000000003C'),
            ('0x000000000000000000000000000000000000004B','0x000000000000000000000000000000000000004C'),
            ('0x000000000000000000000000000000000000005B','0x000000000000000000000000000000000000005C'),
            ('0x000000000000000000000000000000000000006B','0x000000000000000000000000000000000000006C'),
            ('0x000000000000000000000000000000000000007B','0x000000000000000000000000000000000000007C'),
            ('0x000000000000000000000000000000000000008B','0x000000000000000000000000000000000000008C'),
            ('0x000000000000000000000000000000000000009B','0x000000000000000000000000000000000000009C'),
            ('0x00000000000000000000000000000000000000AB','0x00000000000000000000000000000000000000AC');
